modelo,accuracy,F1,precision,recall,loss,epochs
CnnCifa10,0.7900000214576721,0.7875269599768788,0.7904805388396501,0.79,0.6303061246871948,35
